{
  "wait": "*WAIT* || Proses...",
  "success": "*SUCCESS* || Follows Instagram @iqbalprasettya",
  "error": {
      "stick": "*ERROR* || Tidak Bisa Akses Video!",
      "Iv": "*ERROR* || Link Tidak Valid!",
      "api": "Ada Kesalahan Teknis"
  },
  "only": {
      "group": "*REJECTED* || Only for within the group!",
      "ownerG": "*REJECTED* || Only for group owners!",
      "ownerB": "*REJECTED* || Only for bot owners!",
      "admin": "*REJECTED* || Only for group admins!",
      "Badmin": "*REJECTED* || Make the bot a group admin!"
  }
}
